Rank,Name,Platform,Year,Genre,Publisher,NA_Sales,EU_Sales,JP_Sales,Other_Sales,Global_Sales
180,Madden NFL 2004,PS2,2003,Sports,Electronic Arts,4.26,0.26,0.01,0.71,5.23
378,FIFA Soccer 2004,PS2,2003,Sports,Electronic Arts,0.59,2.36,0.04,0.51,3.49
432,LEGO Batman: The Videogame,Wii,2008,Action,Warner Bros. Interactive Entertainment,1.86,1.02,0,0.29,3.17
471,wwe Smackdown vs. Raw 2006,PS2,2006,Fighting,THQ,1.57,1.02,0,0.41,3
608,Space Invaders,2600,1978,Shooter,Atari,2.36,0.14,0,0.03,2.53
625,Rock Band,X360,2007,Misc,Electronic Arts,1.93,0.34,0,0.21,2.48
650,Frogger's Adventures: Temple of the Frog,GBA,2001,Adventure,Konami Digital Entertainment,2.15,0.18,0,0.07,2.39
653,LEGO Indiana Jones: The Original Adventures,Wii,2008,Action,LucasArts,1.54,0.63,0,0.22,2.39
713,Call of Duty 3,Wii,2006,Shooter,Activision,1.19,0.84,0,0.23,2.26
784,Rock Band,Wii,2007,Misc,MTV Games,1.35,0.56,0,0.2,2.11
942,Gran Turismo Concept 2001 Tokyo,PS2,2001,Racing,Sony Computer Entertainment,0,1.1,0.42,0.33,1.84
1128,Call of Duty: Black Ops,PC,2010,Shooter,Activision,0.58,0.81,0,0.24,1.63
1135,Rock Band,PS3,2007,Misc,Electronic Arts,0.99,0.41,0,0.22,1.62
1305,Triple Play 99,PS,1998,Sports,Electronic Arts,0.81,0.55,0,0.1,1.46
1435,LEGO Harry Potter: Years 5-7,Wii,2011,Action,Warner Bros. Interactive Entertainment,0.76,0.47,0,0.13,1.36
1500,LEGO Batman: The Videogame,PSP,2008,Action,Warner Bros. Interactive Entertainment,0.57,0.46,0,0.28,1.32
1515,Adventure,2600,1980,Adventure,Atari,1.21,0.08,0,0.01,1.3
1587,Combat,2600,1977,Action,Atari,1.17,0.07,0,0.01,1.25
1651,NASCAR Thunder 2003,PS2,2002,Racing,Electronic Arts,0.6,0.46,0,0.16,1.22
1664,Shrek / Shrek 2 2-in-1 Gameboy Advance Video,GBA,2007,Misc,Activision,0.87,0.32,0,0.02,1.21
1699,Hitman 2: Silent Assassin,XB,2002,Action,Eidos Interactive,0.76,0.38,0,0.05,1.19
1839,Rock Band,PS2,2007,Misc,Electronic Arts,0.71,0.06,0,0.35,1.11
1992,Legacy of Kain: Soul Reaver,PS,1999,Action,Eidos Interactive,0.58,0.4,0,0.07,1.04
2021,Donkey Kong Land III,GB,1997,Platform,Nintendo,0.68,0.31,0,0.04,1.03
2088,LEGO Harry Potter: Years 5-7,X360,2011,Action,Warner Bros. Interactive Entertainment,0.51,0.39,0,0.09,0.99
2115,Air-Sea Battle,2600,1977,Shooter,Atari,0.91,0.06,0,0.01,0.98
2116,Suikoden III,PS2,2002,Role-Playing,Konami Digital Entertainment,0.29,0.23,0.38,0.08,0.98
2136,Yakuza 4,PS3,2010,Action,Sega,0.15,0.14,0.63,0.05,0.97
2147,LEGO Harry Potter: Years 5-7,PS3,2011,Action,Warner Bros. Interactive Entertainment,0.36,0.45,0,0.16,0.97
2175,Wheel of Fortune,PS2,2003,Misc,Atari,0.47,0.36,0,0.12,0.95
2224,Bentley's Hackpack,GBA,2005,Misc,Sony Computer Entertainment,0.67,0.25,0,0.02,0.93
2238,Teenage Mutant Ninja Turtles,GBA,2003,Action,Konami Digital Entertainment,0.67,0.25,0,0.02,0.93
2288,Namco Museum,XB,1995,Misc,Namco Bandai Games,0.77,0.11,0,0.04,0.91
2297,Rhythm Heaven,Wii,2008,Misc,Nintendo,0.13,0,0.77,0.01,0.9
2330,Blitz: The League,PS2,2005,Sports,Midway Games,0.74,0.03,0,0.12,0.89
2417,The Lord of the Rings: War in the North,PS3,2011,Action,Warner Bros. Interactive Entertainment,0.25,0.45,0.01,0.15,0.86
2424,The Lord of the Rings: War in the North,X360,2011,Action,Warner Bros. Interactive Entertainment,0.52,0.26,0,0.08,0.86
2486,Madden NFL 07,PSP,2006,Sports,Electronic Arts,0.77,0.03,0,0.04,0.83
2493,The Game of Life,PS,1998,Misc,Hasbro Interactive,0.46,0.31,0,0.05,0.83
2499,MLB SlugFest 20-03,PS2,2002,Sports,Midway Games,0.41,0.32,0,0.11,0.83
2530,Shaun White Snowboarding,X360,2008,Sports,Ubisoft,0.48,0.26,0,0.08,0.82
2546,Final Fantasy Type-0,PSP,2011,Role-Playing,Square Enix,0,0,0.81,0,0.81
2588,PES 2009: Pro Evolution Soccer,PSP,2008,Sports,Konami Digital Entertainment,0.04,0.33,0.26,0.17,0.8
2778,Madden NFL 11,Wii,2010,Sports,Electronic Arts,0.7,0,0,0.05,0.74
2788,WarioWare: Twisted!,GBA,2004,Puzzle,Nintendo,0.16,0.06,0.5,0.02,0.74
2831,God Eater,PSP,2010,Action,D3Publisher,0,0,0.72,0,0.72
2840,LEGO Harry Potter: Years 5-7,DS,2011,Action,Warner Bros. Interactive Entertainment,0.35,0.3,0,0.07,0.72
2949,Test Drive Unlimited 2,X360,2011,Racing,Atari,0.3,0.32,0,0.07,0.69
3032,RIFT,PC,2011,Role-Playing,Trion Worlds,0.44,0.16,0,0.07,0.67
3051,"The Chronicles of Narnia: The Lion, The Witch and The Wardrobe",GBA,2005,Action,Disney Interactive Studios,0.48,0.18,0,0.01,0.67
3143,Test Drive Unlimited 2,PS3,2011,Racing,Atari,0.16,0.35,0.01,0.12,0.64
3161,Nicktoons Collection: Game Boy Advance Video Volume 1,GBA,2004,Misc,Majesco Entertainment,0.46,0.17,0,0.01,0.64
3168,SpongeBob SquarePants: Game Boy Advance Video Volume 1,GBA,2004,Misc,Majesco Entertainment,0.46,0.17,0,0.01,0.64
3196,Monster Hunter 2,PS2,2006,Role-Playing,Capcom,0,0,0.63,0,0.63
3219,Advance Wars: Days of Ruin,DS,2008,Strategy,Nintendo,0.44,0.13,0,0.06,0.63
3240,Metal Gear Solid 2: Substance,XB,2002,Action,Konami Digital Entertainment,0.38,0.22,0,0.03,0.62
3348,The Golden Compass,Wii,2007,Action,Sega,0.26,0.28,0,0.07,0.6
3423,Madden NFL 06,X360,2005,Sports,Electronic Arts,0.54,0,0.01,0.03,0.59
3470,NASCAR: Dirt to Daytona,PS2,2002,Racing,Atari,0.28,0.22,0,0.07,0.58
3503,Madden NFL 2002,XB,2001,Sports,Electronic Arts,0.53,0.02,0,0.03,0.58
3704,Two Worlds II,X360,2011,Role-Playing,TopWare Interactive,0.4,0.08,0.03,0.04,0.54
3717,Def Jam: Fight for NY,XB,2004,Fighting,Electronic Arts,0.43,0.1,0,0.02,0.54
3755,NBA Street Vol. 2,GC,2003,Sports,Electronic Arts,0.41,0.11,0,0.01,0.54
3768,SpongeBob SquarePants: Game Boy Advance Video Volume 2,GBA,2004,Misc,Majesco Entertainment,0.38,0.14,0,0.01,0.53
3882,Fishing Derby,2600,1980,Sports,Activision,0.48,0.03,0,0.01,0.51
3954,Wet,X360,2009,Shooter,Bethesda Softworks,0.23,0.21,0.01,0.05,0.5
4123,Two Worlds II,PS3,2011,Role-Playing,TopWare Interactive,0.26,0.11,0.06,0.05,0.48
4147,Sonic the Hedgehog,PS3,2006,Platform,Sega,0,0.48,0,0,0.48
4153,Karate,2600,1982,Fighting,Ultravision,0.44,0.03,0,0,0.47
4201,Tiger Woods PGA Tour 07,Wii,2007,Sports,Electronic Arts,0.43,0,0,0.04,0.47
4234,Circus Atari,2600,1980,Action,Atari,0.43,0.03,0,0,0.46
4332,The Chronicles of Riddick: Escape from Butcher Bay,XB,2004,Shooter,Vivendi Games,0.32,0.11,0,0.02,0.45
4380,Maze Craze: A Game of Cops 'n Robbers,2600,1980,Action,Atari,0.42,0.02,0,0,0.45
4382,Silent Hill: Homecoming,X360,2008,Action,Konami Digital Entertainment,0.25,0.16,0,0.04,0.45
4471,Super Breakout,2600,1978,Puzzle,Atari,0.41,0.03,0,0,0.44
4474,Robert Ludlum's The Bourne Conspiracy,X360,2008,Action,Vivendi Games,0.26,0.14,0,0.04,0.44
4528,The Fairly Odd Parents: Game Boy Advance Video Volume 1,GBA,2004,Misc,Majesco Entertainment,0.31,0.11,0,0.01,0.43
4538,NHL Slapshot,Wii,2010,Sports,Electronic Arts,0.4,0,0,0.02,0.43
4637,The Fairly Odd Parents: Game Boy Advance Video Volume 2,GBA,2004,Misc,Majesco Entertainment,0.3,0.11,0,0.01,0.42
4685,TERA,PC,2011,Role-Playing,Microsoft Game Studios,0.24,0.12,0,0.05,0.41
4793,LEGO Harry Potter: Years 5-7,3DS,2011,Action,Warner Bros. Interactive Entertainment,0.18,0.19,0,0.04,0.4
4799,NFL GameDay 2003,PS2,2003,Sports,Sony Computer Entertainment,0.2,0.15,0,0.05,0.4
4860,Silent Hill: Homecoming,PS3,2008,Action,Konami Digital Entertainment,0.18,0.15,0,0.06,0.4
4867,Harvest Moon: Save the Homeland,PS2,2001,Simulation,Victor Interactive,0.19,0.15,0,0.05,0.4
4936,Robert Ludlum's The Bourne Conspiracy,PS3,2008,Action,Vivendi Games,0.18,0.14,0,0.06,0.39
5063,Hangman,2600,1978,Puzzle,Atari,0.35,0.02,0,0,0.38
5080,The Golden Compass,PSP,2007,Action,Sega,0.11,0.16,0,0.1,0.38
5164,NBA Live 2003,XB,2002,Sports,Electronic Arts,0.31,0.04,0,0.01,0.36
5173,Bejeweled 3,DS,2010,Puzzle,PopCap Games,0.32,0.02,0,0.03,0.36
5197,Cubix Robots for Everyone: Clash 'n' Bash,GBA,2002,Action,3DO,0.26,0.1,0,0.01,0.36
5198,Tropico 4,X360,2011,Strategy,Kalypso Media,0.2,0.13,0,0.03,0.36
5242,Tomb Raider (2013),PC,2013,Action,Square Enix,0.06,0.25,0,0.05,0.36
5304,Dragon Ball Z: Budokai Tenkaichi 2 (JP sales),Wii,2006,Action,Atari,0.15,0.05,0.14,0.01,0.35
5510,Custom Robo,N64,1999,Role-Playing,Nintendo,0,0,0.29,0.04,0.33
5620,Final Fantasy XI,PS2,2002,Role-Playing,Square Enix,0.08,0.06,0.15,0.02,0.32
5627,Singularity,X360,2010,Shooter,Activision,0.24,0.05,0,0.02,0.32
5649,Cartoon Network Collection: Game Boy Advance Video Platinum Edition,GBA,2005,Misc,Majesco Entertainment,0.23,0.08,0,0.01,0.32
5659,Dragster,2600,1980,Racing,Activision,0.3,0.02,0,0,0.32
5671,All-Star Baseball 2005,PS2,2005,Sports,Acclaim Entertainment,0.16,0.12,0,0.04,0.32
5771,Star Wars Jedi Knight II: Jedi Outcast,XB,2002,Shooter,Activision,0.23,0.07,0,0.01,0.31
5800,Slot Machine,2600,1977,Action,Atari,0.29,0.02,0,0,0.31
5840,Shrek the Third,DS,2007,Action,Activision,0.26,0.02,0,0.02,0.3
5863,The Dukes of Hazzard II: Daisy Dukes It Out,PS,2000,Racing,SouthPeak Games,0.17,0.11,0,0.02,0.3
5872,Disgaea 3: Absence of Detention,PSV,2008,Role-Playing,Nippon Ichi Software,0.13,0.06,0.07,0.04,0.3
5903,NBA Live 2003,GC,2002,Sports,Electronic Arts,0.23,0.06,0,0.01,0.3
5915,Harvest Moon: The Tale of Two Towns,3DS,2010,Simulation,Marvelous Interactive,0.28,0,0,0.02,0.3
6023,Fast Food,2600,1981,Action,Codemasters,0.27,0.02,0,0,0.29
6044,Nicktoons: Battle for Volcano Island,GC,2006,Action,Majesco Entertainment,0.22,0.06,0,0.01,0.29
6127,Haven: Call of the King,PS2,2002,Platform,Midway Games,0.14,0.11,0,0.04,0.28
6155,Unreal Championship 2: The Liandri Conflict,XB,2005,Shooter,Midway Games,0.22,0.05,0,0.01,0.28
6197,"The Chronicles of Narnia: The Lion, The Witch and The Wardrobe",GC,2005,Action,Disney Interactive Studios,0.22,0.06,0,0.01,0.28
6213,Pac-Man Fever,GC,2002,Misc,Namco Bandai Games,0.21,0.06,0,0.01,0.28
6274,The Legend of Zelda: The Minish Cap(weekly JP sales),GBA,2004,Action,Nintendo,0,0,0.27,0.01,0.27
6278,M&M's Blast!,GBA,2001,Puzzle,Nintendo,0.2,0.07,0,0,0.27
6285,Indy 500,2600,1977,Racing,Atari,0.26,0.01,0,0,0.27
6316,Gun,X360,2005,Shooter,Activision,0.24,0.01,0,0.02,0.27
6318,Flag Capture,2600,1978,Action,Atari,0.25,0.02,0,0,0.27
6321,LEGO Harry Potter: Years 5-7,PSP,2011,Action,Warner Bros. Interactive Entertainment,0.1,0.11,0,0.06,0.27
6403,Rock Revolution,PS3,2008,Misc,Konami Digital Entertainment,0.25,0,0,0.02,0.27
6409,Ultimate NES Remix,3DS,2014,Action,Nintendo,0.15,0.09,0,0.02,0.27
6439,Sonic X: Game Boy Advance Video Volume 1,GBA,2004,Misc,Sega,0.19,0.07,0,0,0.27
6498,Jonah Lomu Rugby Challenge,PS3,2011,Sports,Home Entertainment Suppliers,0,0.2,0,0.06,0.26
6564,Dora the Explorer: Game Boy Advance Video Volume 1,GBA,2004,Misc,Majesco Entertainment,0.18,0.07,0,0,0.26
6649,College Hoops 2K6,PS2,2006,Sports,Take-Two Interactive,0.12,0.1,0,0.03,0.25
6650,Cartoon Network Collection: Game Boy Advance Video Volume 1,GBA,2004,Misc,Majesco Entertainment,0.18,0.07,0,0,0.25
6779,Mega Man X Collection,PS2,2006,Misc,Capcom,0.12,0.09,0,0.03,0.24
6808,BioShock 2,PC,2010,Shooter,Take-Two Interactive,0.02,0.19,0,0.04,0.24
6834,Singularity,PS3,2010,Shooter,Activision,0.17,0.04,0.01,0.03,0.24
6851,All Grown Up!: Game Boy Advance Video Volume 1,GBA,2004,Misc,Majesco Entertainment,0.17,0.06,0,0,0.24
6921,Danganronpa: Trigger Happy Havoc,PSP,2010,Misc,Spike,0,0,0.24,0,0.24
6928,DanceDanceRevolution II,Wii,2011,Misc,Konami Digital Entertainment,0.22,0,0,0.02,0.24
6939,Tony Hawk's Downhill Jam,Wii,2006,Sports,Activision,0.21,0,0,0.02,0.24
6968,Big Beach Sports 2,Wii,2010,Sports,THQ,0.09,0.12,0,0.03,0.23
6970,Jet X20,PS2,2002,Racing,Sony Computer Entertainment,0.11,0.09,0,0.03,0.23
7037,Tribes: Aerial Assault,PS2,2002,Shooter,Sierra Entertainment,0.11,0.09,0,0.03,0.23
7183,Move Fitness,PS3,2011,Sports,Sony Computer Entertainment,0,0.17,0,0.05,0.22
7210,Nicktoons Collection: Game Boy Advance Video Volume 2,GBA,2004,Misc,Majesco Entertainment,0.16,0.06,0,0,0.22
7215,LEGO Harry Potter: Years 5-7,PC,2011,Action,Warner Bros. Interactive Entertainment,0.05,0.14,0,0.03,0.22
7255,Yoostar2,X360,2011,Misc,Yoostar Entertainment Group,0.11,0.09,0,0.02,0.22
7316,Afrika,PS3,2008,Adventure,Natsume,0.12,0,0.08,0.01,0.21
7353,Yu Yu Hakusho: Dark Tournament,PS2,2004,Fighting,Atari,0.1,0.08,0,0.03,0.21
7371,Ghostbusters II,2600,1989,Action,Activision,0.2,0.01,0,0,0.21
7372,Breakaway IV,2600,1978,Puzzle,Sears,0.2,0.01,0,0,0.21
7374,Now! That's What I Call Music: Dance & Sing,Wii,2011,Misc,Tubby Games,0,0.18,0,0.04,0.21
7384,Robotech: Battlecry,XB,2002,Shooter,TDK Mediactive,0.16,0.05,0,0.01,0.21
7408,Valkyria Chronicles III: Unrecorded Chronicles,PSP,2011,Strategy,Sega,0,0,0.21,0,0.21
7425,WRC: FIA World Rally Championship,PS3,2011,Racing,Black Bean Games,0,0.15,0.01,0.05,0.21
7472,SpongeBob SquarePants: Game Boy Advance Video Volume 3,GBA,2004,Misc,Majesco Entertainment,0.15,0.05,0,0,0.21
7523,Two Worlds II,PC,2011,Role-Playing,TopWare Interactive,0.09,0.09,0,0.03,0.2
7617,Famista 64,N64,1997,Sports,Namco Bandai Games,0,0,0.17,0.03,0.2
7650,Dead Space 3,PC,2013,Action,Electronic Arts,0.02,0.15,0,0.02,0.2
7722,Test Drive Unlimited 2,PC,2011,Racing,Atari,0.05,0.11,0,0.03,0.2
7910,Pet Zombies,3DS,2011,Simulation,Majesco Entertainment,0.18,0,0,0.01,0.19
7938,Chibi-Robo! Park Patrol,DS,2007,Adventure,Nintendo,0,0,0.19,0,0.19
7948,Star Trek: Legacy,X360,2006,Simulation,Ubisoft,0.14,0.03,0,0.02,0.19
7955,Thomas the Tank Engine & Friends,GBA,2004,Adventure,Alternative Software,0.13,0.05,0,0,0.19
8046,Trauma Team,Wii,2010,Simulation,Atlus,0.15,0,0.02,0.01,0.18
8088,Backbreaker,X360,2009,Sports,505 Games,0.17,0,0,0.01,0.18
8138,Heavy Fire: Afghanistan,PS3,2011,Shooter,Mastiff,0.17,0,0,0.01,0.18
8159,Twisted Metal: Small Brawl,PS,2001,Action,Sony Computer Entertainment,0.1,0.07,0,0.01,0.18
8169,Otomedius Excellent,X360,2011,Shooter,Konami Digital Entertainment,0.13,0,0.04,0.01,0.18
8206,NBA Starting Five,PS2,2002,Sports,Konami Digital Entertainment,0.09,0.07,0,0.02,0.18
8225,Teen Titans,GBA,2005,Action,Majesco Entertainment,0.13,0.05,0,0,0.17
8315,Backbreaker,PS3,2009,Sports,505 Games,0.16,0,0,0.01,0.17
8332,Dragon Ball GT: Game Boy Advance Video Volume 1,GBA,2004,Misc,Majesco Entertainment,0.12,0.05,0,0,0.17
8336,James Cameron's Dark Angel,PS2,2002,Action,Universal Interactive,0.08,0.07,0,0.02,0.17
8343,Codename: Kids Next Door: Game Boy Advance Video Volume 1,GBA,2004,Misc,Majesco Entertainment,0.12,0.05,0,0,0.17
8370,Teenage Mutant Ninja Turtles: Game Boy Advance Video Volume 1,GBA,2004,Misc,Majesco Entertainment,0.12,0.04,0,0,0.17
8378,Sword of the Samurai,PS2,2002,Fighting,Ubisoft,0,0,0.17,0,0.17
8441,Splatterhouse,PS3,2010,Action,Namco Bandai Games,0.13,0.02,0,0.02,0.17
8505,Stronghold 3,PC,2011,Strategy,SouthPeak Games,0.06,0.1,0,0,0.16
8507,Kid Adventures: Sky Captain,Wii,2010,Action,D3Publisher,0.11,0.04,0,0.01,0.16
8555,Alone in the Dark: The New Nightmare,PS,2001,Adventure,Infogrames,0.09,0.06,0,0.01,0.16
8622,Vegas Party,Wii,2009,Misc,Storm City Games,0.15,0,0,0.01,0.16
8709,Jurassic Park: The Game,X360,2011,Action,Telltale Games,0.15,0,0,0.01,0.16
8762,Home Run,2600,1978,Sports,Atari,0.14,0.01,0,0,0.15
8772,Cartoon Network Collection: Game Boy Advance Video Special Edition,GBA,2005,Misc,Majesco Entertainment,0.11,0.04,0,0,0.15
8827,Kids Learn Math: A+ Edition,DS,2011,Misc,Talking Stick Games,0.14,0,0,0.01,0.15
8846,Terraria,PC,2011,Action,505 Games,0,0.13,0,0.02,0.15
8850,Pok√©mon: Johto Photo Finish: Game Boy Advance Video,GBA,2004,Misc,Nintendo,0.11,0.04,0,0,0.15
8898,Strawberry Shortcake: Game Boy Advance Video Volume 1,GBA,2004,Misc,Majesco Entertainment,0.11,0.04,0,0,0.15
8901,eJay Clubworld,PS2,2002,Misc,Empire Interactive,0.07,0.06,0,0.02,0.15
8931,All-Star Baseball 2005,XB,2004,Sports,Acclaim Entertainment,0.11,0.03,0,0.01,0.15
8977,Black * Rock Shooter: The Game,PSP,2011,Role-Playing,Image Epoch,0,0,0.15,0,0.15
9083,Our House Party!,Wii,2009,Simulation,Majesco Entertainment,0.13,0,0,0.01,0.14
9153,WCW Backstage Assault,N64,2000,Action,Electronic Arts,0.11,0.03,0,0,0.14
9173,Bejeweled 3,PS3,2010,Puzzle,PopCap Games,0.13,0,0,0.01,0.14
9204,Barbie Explorer,PS,2001,Platform,Vivendi Games,0.08,0.05,0,0.01,0.14
9207,Power Gig: Rise of the SixString,PS3,2010,Misc,Seven45 Studios,0.13,0,0,0.01,0.14
9253,Bejeweled 3,X360,2010,Puzzle,PopCap Games,0.13,0,0,0.01,0.14
9312,Disney's Cinderella: Magical Dreams,GBA,2005,Platform,Disney Interactive Studios,0.1,0.04,0,0,0.14
9394,Transworld Surf,XB,2001,Sports,Atari,0.1,0.03,0,0,0.13
9477,Street Fighter IV,PC,2008,Fighting,Capcom,0.07,0.04,0,0.02,0.13
9519,Farming Simulator 2011,PC,2010,Simulation,Astragon,0,0.13,0,0,0.13
9524,Nintendo Puzzle Collection,GC,2003,Puzzle,Nintendo,0,0,0.13,0,0.13
9669,Charm Girls Club: My Fashion Mall,DS,2009,Simulation,Electronic Arts,0.12,0,0,0.01,0.12
9694,WRC: FIA World Rally Championship,X360,2010,Racing,Black Bean Games,0,0.1,0,0.02,0.12
9744,Record of Agarest War Zero,PS3,2009,Strategy,Ghostlight,0.09,0,0.03,0.01,0.12
9751,Super Robot Wars OG Saga: Masou Kishin II - Revelation of Evil God,PSP,2012,Strategy,Banpresto,0,0,0.12,0,0.12
9771,Saru! Get You! Million Monkeys,PS2,2006,Platform,Sony Computer Entertainment,0,0,0.12,0,0.12
9817,Street Hoops,GC,2002,Sports,Activision,0.09,0.02,0,0,0.12
9822,Godzilla: Destroy All Monsters Melee,XB,2002,Fighting,Atari,0.09,0.03,0,0,0.12
9823,The Daring Game for Girls,DS,2010,Adventure,Majesco Entertainment,0.11,0,0,0.01,0.12
9842,Rocksmith,PC,2011,Misc,Ubisoft,0.06,0.04,0,0.01,0.12
9870,Major League Baseball 2K6,PSP,2006,Sports,Take-Two Interactive,0.11,0,0,0.01,0.12
9884,Power Gig: Rise of the SixString,X360,2010,Misc,Seven45 Studios,0.11,0,0,0.01,0.12
9983,Happy Feet Two,DS,2011,Action,Warner Bros. Interactive Entertainment,0.09,0.02,0,0.01,0.12
9999,Mystery P.I. - Portrait of a Thief,DS,2008,Adventure,PopCap Games,0.11,0,0,0.01,0.11
10047,Star Trek: Conquest,PS2,2007,Strategy,Bethesda Softworks,0.06,0.04,0,0.01,0.11
10196,Yoostar2,PS3,2011,Misc,Yoostar Entertainment Group,0.04,0.05,0,0.02,0.11
10244,AKB48+Me,3DS,2012,Action,Kadokawa Games,0,0,0.11,0,0.11
10274,GiFTPiA,GC,2003,Role-Playing,Nintendo,0,0,0.11,0,0.11
10359,Saigo no Yakusoku no Monogatari,PSP,2011,Role-Playing,Image Epoch,0,0,0.11,0,0.11
10364,Disney's Chicken Little: Ace In Action,Wii,2006,Shooter,Disney Interactive Studios,0.1,0,0,0.01,0.11
10384,Disney Channel Collection Vol. 1,GBA,2004,Misc,Majesco Entertainment,0.08,0.03,0,0,0.11
10467,Happy Feet Two,PS3,2011,Action,Warner Bros. Interactive Entertainment,0.09,0.01,0,0.01,0.1
10496,Atsumare! Power Pro Kun no DS Koushien,DS,2006,Sports,Konami Digital Entertainment,0,0,0.1,0,0.1
10556,Baten Kaitos Origins,GC,2006,Role-Playing,Nintendo,0.06,0.02,0.02,0,0.1
10561,My Healthy Cooking Coach,DS,2008,Simulation,Ubisoft,0.09,0,0,0.01,0.1
10692,Happy Feet Two,X360,2011,Action,Warner Bros. Interactive Entertainment,0.08,0.01,0,0.01,0.1
10735,Persona 5,PS3,2016,Role-Playing,Atlus,0,0,0.1,0,0.1
10760,Luminous Arc 2 (JP sales),DS,2008,Role-Playing,Marvelous Entertainment,0,0,0.1,0,0.1
10794,The Daring Game for Girls,Wii,2009,Adventure,Majesco Entertainment,0.09,0,0,0.01,0.1
10831,Egg Monster Hero,DS,2005,Role-Playing,Square Enix,0,0,0.09,0,0.09
10981,Samurai Shodown Anthology,PSP,2008,Fighting,Ignition Entertainment,0.08,0,0,0.01,0.09
10999,Demon Chaos,PS2,2005,Action,Konami Digital Entertainment,0,0,0.09,0,0.09
11078,Action Man-Operation Extreme,PS,2000,Action,Hasbro Interactive,0.05,0.03,0,0.01,0.09
11109,Thomas & Friends: Hero of the Rails,DS,2010,Misc,Barnstorm Games,0,0.07,0,0.01,0.09
11110,Super Puzzle Fighter II,GBA,1996,Puzzle,Capcom,0.06,0.02,0,0,0.09
11144,Happy Feet Two,Wii,2011,Action,Warner Bros. Interactive Entertainment,0.07,0.01,0,0.01,0.09
11277,Martian Panic,Wii,2010,Adventure,Funbox Media,0.08,0,0,0,0.08
11325,Charm Girls Club: My Fashion Show,DS,2009,Simulation,Electronic Arts,0.08,0,0,0.01,0.08
11333,Get Fit with Mel B,X360,2010,Sports,Black Bean Games,0,0.07,0,0.01,0.08
11378,Face Racers: Photo Finish,3DS,2011,Racing,Majesco Entertainment,0.08,0,0,0,0.08
11411,Zero: Tsukihami no Kamen,Wii,2008,Action,Nintendo,0,0,0.08,0,0.08
11457,The Hidden,3DS,2011,Adventure,Majesco Entertainment,0.08,0,0,0,0.08
11528,Cartoon Network Collection: Game Boy Advance Video Volume 2,GBA,2004,Misc,Majesco Entertainment,0.06,0.02,0,0,0.08
11545,Rock Revolution,Wii,2008,Misc,Konami Digital Entertainment,0.07,0,0,0.01,0.08
11575,Dead Island: Riptide,PC,2013,Action,Deep Silver,0,0.07,0,0.01,0.08
11602,The Golf Club,PS4,2014,Sports,Take-Two Interactive,0.05,0.02,0,0.01,0.08
11757,Mega Man Battle Network: Operation Shooting Star,DS,2009,Role-Playing,Capcom,0,0,0.07,0,0.07
11800,Smashing Drive,GC,2000,Racing,Namco Bandai Games,0.06,0.01,0,0,0.07
11891,Speed,Wii,2010,Racing,Zoo Games,0.04,0.02,0,0.01,0.07
11923,Dream Trigger 3D,3DS,2011,Shooter,D3Publisher,0.04,0.02,0,0.01,0.07
11940,Tornado,DS,2008,Action,Ignition Entertainment,0.07,0,0,0,0.07
11978,McFarlane's Evil Prophecy,PS2,2004,Action,Konami Digital Entertainment,0.03,0.03,0,0.01,0.07
12017,Drake of the 99 Dragons,XB,2003,Shooter,Majesco Entertainment,0.05,0.01,0,0,0.07
12029,Alpha and Omega,DS,2010,Action,Storm City Games,0.06,0,0,0,0.07
12030,Port Royale 3,PS3,2012,Simulation,Kalypso Media,0.06,0,0,0.01,0.07
12061,Fairy Tail: Zelef Kakusei,PSP,2012,Action,Konami Digital Entertainment,0,0,0.07,0,0.07
12129,Build-A-Bear Workshop: Friendship Valley,Wii,2010,Misc,Activision,0.06,0,0,0,0.07
12131,Alex Rider: Stormbreaker,DS,2006,Action,THQ,0.06,0,0,0,0.07
12137,Yoostar on MTV,X360,2011,Misc,Yoostar Entertainment Group,0.06,0,0,0,0.07
12186,Rayman Arena,XB,2002,Racing,Ubisoft,0.05,0.01,0,0,0.07
12214,National Geographic Challenge!,X360,2011,Misc,Ignition Entertainment,0.06,0,0,0,0.07
12240,Port Royale 3,X360,2012,Simulation,Kalypso Media,0.06,0,0,0,0.07
12250,Jewel Link Chronicles: Mountains of Madness,DS,2012,Puzzle,Avanquest,0,0.06,0,0.01,0.06
12300,Max & the Magic Marker,DS,2011,Platform,Microsoft Game Studios,0,0.06,0,0,0.06
12309,Kururin Paradise,GBA,2002,Puzzle,Nintendo,0,0,0.06,0,0.06
12489,Chou Soujuu Mecha MG,DS,2006,Simulation,Nintendo,0,0,0.06,0,0.06
12519,Prinny: Can I Really Be The Hero? (US sales),PSP,2008,Action,Nippon Ichi Software,0.06,0,0,0,0.06
12533,Combat Elite: WWII Paratroopers,PS2,2005,Shooter,SouthPeak Games,0.03,0.02,0,0.01,0.06
12535,Pheasants Forever Wingshooter,Wii,2010,Shooter,Nintendo,0.03,0.02,0,0,0.06
12628,Captain America: Super Soldier,Wii,2011,Action,Sega,0.05,0,0,0,0.06
12668,Flip's Twisted World,Wii,2010,Platform,Majesco Entertainment,0.05,0,0,0,0.06
12711,Mobile Ops: The One Year War,X360,2008,Simulation,Namco Bandai Games,0,0,0.06,0,0.06
12751,Tom Clancy's Rainbow Six: Critical Hour,XB,2006,Shooter,Ubisoft,0.04,0.01,0,0,0.06
12809,GRID,DS,2008,Racing,Codemasters,0.04,0.01,0,0,0.06
12827,Captain America: Super Soldier,DS,2011,Action,Sega,0.05,0,0,0,0.05
12881,Reader Rabbit 2nd Grade,Wii,2010,Misc,The Learning Company,0.05,0,0,0,0.05
12900,Samantha Swift and the Hidden Roses of Athena,DS,2010,Adventure,Mumbo Jumbo,0.04,0.01,0,0,0.05
12917,Mountain Bike Adrenaline,PS2,2007,Sports,Valcon Games,0.03,0.02,0,0.01,0.05
12924,Tour de France 2011,X360,2011,Racing,Focus Home Interactive,0,0.05,0,0.01,0.05
12931,Drill Dozer,GBA,2005,Platform,Nintendo,0.04,0.01,0,0,0.05
13057,Battle vs. Chess,PS3,2011,Misc,TopWare Interactive,0,0.04,0,0.01,0.05
13071,Kids Learn Music A+ Edition,DS,2011,Misc,Talking Stick Games,0.05,0,0,0,0.05
13113,Metal Max 2 Reloaded,DS,2011,Role-Playing,Kadokawa Shoten,0,0,0.05,0,0.05
13145,The Lost Treasures of Alexandria,DS,2011,Puzzle,Media Sales & Licensing,0,0.04,0,0.01,0.05
13158,The History Channel: Great Battles - Medieval,PS3,2011,Strategy,Slitherine Software,0,0.04,0,0.01,0.05
13280,Monster Hunter Frontier Online,PS3,2007,Role-Playing,Capcom,0,0,0.05,0,0.05
13473,Guilty Gear XX Accent Core,PS2,2007,Fighting,Arc System Works,0,0,0.04,0,0.04
13479,RollerCoaster Tycoon,PC,1999,Strategy,Microprose,0.02,0.02,0,0.01,0.04
13587,Max & the Magic Marker,Wii,2011,Platform,Easy Interactive,0,0.04,0,0,0.04
13644,Jewel Quest Mysteries 2: Trail of the Midnight Heart,DS,2011,Puzzle,iWin,0,0.04,0,0.01,0.04
13667,GRID,PC,2008,Racing,Codemasters,0,0.03,0,0.01,0.04
13674,B.L.U.E.: Legend of Water,PS,1998,Adventure,Hudson Soft,0,0,0.04,0,0.04
13677,Luxor: Pharaoh's Challenge,Wii,2007,Puzzle,Funsta,0.01,0.03,0,0,0.04
13711,Men of War: Vietnam,PC,2011,Strategy,1C Company,0,0.03,0,0.01,0.04
13735,NHL Hitz Pro,GC,2003,Sports,Midway Games,0.03,0.01,0,0,0.04
13738,North American Hunting Extravaganza 2,Wii,2010,Sports,Destineer,0.03,0,0,0,0.04
13759,Test Drive: Ferrari Legends,PS3,2012,Racing,Atari,0.04,0,0,0,0.04
13812,Gummy Bears Mini Golf,Wii,2010,Sports,Storm City Games,0.04,0,0,0,0.04
13822,Time Travelers,3DS,2012,Adventure,Level 5,0,0,0.04,0,0.04
13872,Sega Rally 2006,PS2,2006,Racing,Sega,0,0,0.04,0,0.04
13932,Train Simulator 2016,PC,2015,Simulation,dovetail games,0,0.04,0,0,0.04
13964,World of Tanks,X360,2010,Shooter,Wargaming.net,0,0.03,0,0,0.04
13985,Worms: Ultimate Mayhem,PC,2011,Strategy,Team17 Software,0,0.03,0,0,0.04
14032,Jane's Hotel,DS,2010,Simulation,Zoo Games,0.03,0,0,0,0.04
14048,Swords,Wii,2007,Fighting,Square Enix,0.03,0,0,0,0.04
14057,Half-Minute Hero 2,PSP,2011,Role-Playing,Rising Star Games,0,0,0.04,0,0.04
14058,Clockwork Empires,PC,2016,Strategy,Gaslamp Games,0,0.03,0,0,0.04
14089,Housekeeping,DS,2010,Action,Namco Bandai Games,0,0,0.04,0,0.04
14100,Major League Baseball 2K8,PSP,2008,Sports,Take-Two Interactive,0.03,0,0,0,0.03
14111,Gekiatsu!! Pachi Game Tamashi: CR Evangelion - Hajimari no Fukuin,PS3,2010,Misc,Namco Bandai Games,0,0,0.03,0,0.03
14158,Clash of Elementalists,3DS,2013,Action,Teyon,0,0.03,0,0,0.03
14162,Sabre Wulf,GBA,2004,Platform,THQ,0.02,0.01,0,0,0.03
14183,Junior Island Adventure,DS,2011,Puzzle,Maximum Family Games,0.03,0,0,0,0.03
14252,The Binding of Isaac,PC,2012,Action,Headup Games,0,0.03,0,0,0.03
14257,Beastly,Wii,2011,Misc,Storm City Games,0.03,0,0,0,0.03
14276,Beyond the Labyrinth,3DS,2012,Role-Playing,Konami Digital Entertainment,0,0,0.03,0,0.03
14296,Foto Showdown,DS,2010,Role-Playing,Konami Digital Entertainment,0.03,0,0,0,0.03
14299,Bikkuriman Daijiten,DS,2007,Misc,Three O'clock,0,0,0.03,0,0.03
14314,Silverlicious,DS,2012,Action,GameMill Entertainment,0.03,0,0,0,0.03
14315,Majesty 2: The Fantasy Kingdom Sim,X360,2009,Simulation,1C Company,0.03,0,0,0,0.03
14355,LEGO Legends of Chima: Laval's Journey,DS,2013,Adventure,Warner Bros. Interactive Entertainment,0,0.03,0,0,0.03
14374,Super Meat Boy: Ultra Edition!,PC,2011,Platform,Team Meat,0,0.02,0,0.01,0.03
14380,Fullmetal Alchemist: Brotherhood,PSP,2010,Action,Namco Bandai Games,0,0,0.03,0,0.03
14407,Take On Helicopters,PC,2011,Simulation,Bohemia Interactive,0,0.02,0,0.01,0.03
14476,Combat Elite: WWII Paratroopers,XB,2005,Shooter,SouthPeak Games,0.02,0.01,0,0,0.03
14525,Samurai Spirits: Tenkaichi Kenkakuden,PS2,2005,Fighting,SNK Playmore,0,0,0.03,0,0.03
14564,Gekiatsu!! Pachi Game Tamashi Vol. 1: CR Evangelion - Shinjitsu no Tsubasa,PSP,2011,Misc,Fields,0,0,0.03,0,0.03
14579,Heroes of Hellas 2: Olympia,DS,2012,Puzzle,Alawar Entertainment,0,0.03,0,0,0.03
14586,Battle vs. Chess,PC,2011,Misc,TopWare Interactive,0,0.02,0,0.01,0.03
14620,Gekiatsu!! Pachi Game Tamashi Vol. 2: CR Evangelion - Shinjitsu no Tsubasa,PS3,2011,Misc,Fields,0,0,0.03,0,0.03
14643,Ao no Kanata no Four Rhythm,PSV,2016,Adventure,Kadokawa Shoten,0,0,0.03,0,0.03
14679,Tom and Jerry in War of the Whiskers,XB,2002,Fighting,NewKidCo,0.02,0.01,0,0,0.03
14699,Super Duper Sumos,GBA,2003,Action,Midway Games,0.02,0.01,0,0,0.03
14701,UK Truck Simulator,PC,2010,Simulation,Excalibur Publishing,0,0.03,0,0,0.03
14763,The Golf Club,XOne,2014,Sports,Take-Two Interactive,0.02,0,0,0,0.03
14777,Farm Frenzy 3,DS,2011,Strategy,iWin,0,0.02,0,0,0.03
14847,Magicka Collection,PC,2011,Adventure,Paradox Interactive,0,0.02,0,0,0.03
14848,Bookworm,GBA,2004,Puzzle,PopCap Games,0.02,0.01,0,0,0.03
14852,Legacy of Ys: Books I & II,DS,2009,Role-Playing,Hudson Soft,0.02,0,0,0,0.03
14858,The King of Fighters: Maximum Impact - Maniax,XB,2004,Fighting,SNK Playmore,0.02,0.01,0,0,0.03
14879,Combat Wings: The Great Battles of WWII,Wii,2012,Simulation,City Interactive,0.02,0,0,0,0.03
14928,Tube Slider,GC,2003,Racing,NEC Interchannel,0.02,0,0,0,0.02
14937,Vampire Mansion: Linda Hyde,DS,2011,Adventure,Easy Interactive,0,0.02,0,0,0.02
14945,Umineko no Naku Koro ni San: Shinjitsu to Gensou no Yasoukyoku,PS3,2011,Adventure,Alchemist,0,0,0.02,0,0.02
15000,Wii de Asobu: Metroid Prime,Wii,2009,Shooter,Nintendo,0,0,0.02,0,0.02
15001,Payout Poker & Casino,PSP,2006,Misc,Namco Bandai Games,0.02,0,0,0,0.02
15002,Wii de Asobu: Metroid Prime,Wii,2009,Shooter,Nintendo,0,0,0.02,0,0.02
15059,Xia-Xia,DS,2012,Platform,GameMill Entertainment,0,0.02,0,0,0.02
15066,Blender Bros.,GBA,2002,Platform,Infogrames,0.02,0.01,0,0,0.02
15160,Ukiyo no Roushi,PSV,2015,Action,Spike,0,0,0.02,0,0.02
15166,Cities in Motion Collection,PC,2011,Simulation,Paradox Interactive,0,0.02,0,0,0.02
15180,Love Once: Mermaid's Tears,PS3,2011,Adventure,D3Publisher,0,0,0.02,0,0.02
15187,Sengoku Otome: Legend Battle,PSV,2016,Action,Planet G,0,0,0.02,0,0.02
15200,Saint,Wii,2009,Shooter,UFO Interactive,0.02,0,0,0,0.02
15211,Steal Princess,DS,2008,Platform,Marvelous Interactive,0.02,0,0,0,0.02
15264,Mario Tennis,3DS,2000,Sports,Nintendo,0,0,0.02,0,0.02
15270,Dungeon Defenders,PC,2011,Role-Playing,Chromatic Games ,0.02,0,0,0,0.02
15276,Thomas & Friends: Hero of the Rails,Wii,2010,Misc,Majesco Entertainment,0,0.02,0,0,0.02
15319,Runaway: A Twist of Fate,DS,2009,Adventure,Focus Home Interactive,0,0.02,0,0,0.02
15326,Meikyuu Cross Blood: Reloaded,X360,2011,Action,Experience Inc.,0,0,0.02,0,0.02
15328,Nicktoons Collection: Game Boy Advance Video Volume 3,GBA,2005,Misc,Majesco Entertainment,0.01,0.01,0,0,0.02
15338,Mystery Tales 2: The Spirit Mask,DS,2011,Puzzle,Easy Interactive,0,0.02,0,0,0.02
15347,Airport Simulator,PC,2011,Simulation,UIG Entertainment,0,0.02,0,0,0.02
15351,Disney Sports Football,GBA,2002,Sports,Konami Digital Entertainment,0.01,0.01,0,0,0.02
15356,Demolition Company: Gold Edition,PC,2011,Simulation,Excalibur Publishing,0,0.02,0,0,0.02
15454,UFO: Trilogy,PC,2007,Strategy,1C Company,0,0.02,0,0,0.02
15479,Yu-Gi-Oh! 5D's Wheelie Breakers (JP sales),Wii,2009,Racing,Konami Digital Entertainment,0,0,0.02,0,0.02
15551,Wild West Shootout,Wii,2010,Shooter,Zoo Games,0.01,0.01,0,0,0.02
15567,Tantei Opera: Milky Holmes,PSP,2010,Adventure,BushiRoad,0,0,0.02,0,0.02
15582,Cabela's Alaskan Adventure,PS2,2006,Sports,Activision,0.01,0.01,0,0,0.02
15609,Writing and Speaking Beautiful Japanese DS,DS,2007,Misc,IE Institute,0,0,0.02,0,0.02
15655,Virtua Quest,PS2,2004,Role-Playing,Sega,0.01,0.01,0,0,0.02
15700,Shonen Jump's Yu-Gi-Oh! GX Card Almanac,DS,2007,Misc,Konami Digital Entertainment,0,0,0.02,0,0.02
15720,Without Warning,XB,2005,Shooter,Capcom,0.01,0,0,0,0.02
15741,Clue / Mouse Trap / Perfection / Aggravation,DS,2006,Misc,"Destination Software, Inc",0.02,0,0,0,0.02
15742,Football Manager 2007,X360,2007,Sports,Sega,0,0.01,0,0,0.02
15791,"Moshi, Kono Sekai ni Kami-sama ga Iru to suru Naraba.",PSV,2016,Adventure,Rejet,0,0,0.02,0,0.02
15814,Ferrari: The Race Experience,Wii,2010,Racing,System 3 Arcade Software,0,0.01,0,0,0.02
15839,The Dark Hills of Cherai,PC,2009,Puzzle,Big Fish Games,0,0.01,0,0,0.02
15868,PDC World Championship Darts 2008,DS,2008,Sports,Oxygen Interactive,0.01,0,0,0,0.02
15879,Dinotopia: The Sunstone Odyssey,GC,2003,Action,TDK Mediactive,0.01,0,0,0,0.02
15881,Dance! It's Your Stage,Wii,2008,Misc,DTP Entertainment,0,0.01,0,0,0.02
15903,Jet Impulse,DS,2007,Simulation,Nintendo,0,0,0.02,0,0.02
15918,Dream Dancer,DS,2009,Misc,Zoo Games,0.01,0,0,0,0.02
16005,Red Stone DS: Akaki Ishi ni Michibikareshi Monotachi,DS,2011,Role-Playing,Nintendo,0,0,0.01,0,0.01
16060,PDC World Championship Darts 2008,PSP,2008,Sports,Oxygen Interactive,0.01,0,0,0,0.01
16061,WRC: FIA World Rally Championship,PC,2010,Racing,Black Bean Games,0,0.01,0,0,0.01
16068,Aquaman: Battle for Atlantis,XB,2003,Action,TDK Mediactive,0.01,0,0,0,0.01
16149,Fuuraiki 3,PSV,2015,Action,Nippon Ichi Software,0,0,0.01,0,0.01
16174,Dark Parables: The Exiled Prince,PC,2011,Puzzle,Big Fish Games,0,0.01,0,0,0.01
16194,Homeworld Remastered Collection,PC,2015,Strategy,THQ,0,0.01,0,0,0.01
16197,Shorts,DS,2009,Platform,Majesco Entertainment,0.01,0,0,0,0.01
16201,AKB1/48: Idol to Guam de Koishitara...,X360,2011,Misc,Namco Bandai Games,0,0,0.01,0,0.01
16203,Hyakka Yakou,PSV,2015,Action,Idea Factory,0,0,0.01,0,0.01
16211,Super Robot Monkey Team: Game Boy Advance Video Volume 1,GBA,2005,Misc,Majesco Entertainment,0.01,0,0,0,0.01
16232,Brothers in Arms: Furious 4,X360,2011,Shooter,Ubisoft,0.01,0,0,0,0.01
16238,Shitsuji ga Aruji o Erabu Toki,PSV,2016,Adventure,TGL,0,0,0.01,0,0.01
16249,Agarest Senki: Re-appearance,PS3,2008,Role-Playing,Idea Factory,0,0,0.01,0,0.01
16289,War for the Overworld,PC,2015,Strategy,Brightrock Games,0,0.01,0,0,0.01
16310,Freaky Flyers,GC,2003,Racing,Midway Games,0.01,0,0,0,0.01
16330,Inversion,PC,2012,Shooter,Namco Bandai Games,0.01,0,0,0,0.01
16369,Hakuouki: Shinsengumi Kitan,PS3,2013,Adventure,Idea Factory,0.01,0,0,0,0.01
16370,Dance with Devils,PSV,2016,Action,Square Enix,0,0,0.01,0,0.01
16427,Real Crimes: The Unicorn Killer,DS,2011,Puzzle,Big Fish Games,0,0.01,0,0,0.01
16430,Virtua Quest,GC,2004,Role-Playing,Sega,0.01,0,0,0,0.01
16463,"Horse Life 4: My Horse, My Friend, My Champion",3DS,2015,Action,Atari,0,0.01,0,0,0.01
16496,The Smurfs,3DS,2015,Action,Ubisoft,0,0.01,0,0,0.01
16497,Legends of Oz: Dorothy's Return,3DS,2014,Puzzle,GameMill Entertainment,0,0.01,0,0,0.01
16535,STORM: Frontline Nation,PC,2011,Strategy,Ascaron Entertainment GmbH,0,0.01,0,0,0.01
16546,Driving Simulator 2011,PC,2011,Racing,Excalibur Publishing,0,0.01,0,0,0.01
16548,The Treasures of Mystery Island 3 Pack - Save Mystery Island!,PC,2011,Puzzle,Alawar Entertainment,0.01,0,0,0,0.01
16556,Bound By Flame,X360,2014,Role-Playing,Focus Home Interactive,0,0.01,0,0,0.01
16584,Fit & Fun,Wii,2011,Sports,bitComposer Games,0,0.01,0,0,0.01